scenario,kind,iteration,labelIndex,groupId,anchorX,anchorY,offsetX,offsetY,width,height,left,bottom,right,top,handle
cluster,start,0,0,-1,0,0,0,0,9.9000000000000004,6.8999999999999995,-4.9500000000000002,-3.4499999999999997,4.9500000000000002,3.4499999999999997,"STA1\n100.00"
cluster,start,0,1,-1,0,0,0,0,9.9000000000000004,6.8999999999999995,-4.9500000000000002,-3.4499999999999997,4.9500000000000002,3.4499999999999997,"STA2\n100.01"
cluster,start,0,2,-1,0,0,0,0,9.9000000000000004,6.8999999999999995,-4.9500000000000002,-3.4499999999999997,4.9500000000000002,3.4499999999999997,"STA3\n100.02"
cluster,start,0,3,-1,0,0,0,0,9.9000000000000004,6.8999999999999995,-4.9500000000000002,-3.4499999999999997,4.9500000000000002,3.4499999999999997,"STA4\n100.03"
cluster,start,0,4,-1,0,0,0,0,9.9000000000000004,6.8999999999999995,-4.9500000000000002,-3.4499999999999997,4.9500000000000002,3.4499999999999997,"STA5\n100.04"
cluster,start,0,5,-1,0,0,0,0,9.9000000000000004,6.8999999999999995,-4.9500000000000002,-3.4499999999999997,4.9500000000000002,3.4499999999999997,"STA6\n100.05"
cluster,start,0,6,-1,0,0,0,0,9.9000000000000004,6.8999999999999995,-4.9500000000000002,-3.4499999999999997,4.9500000000000002,3.4499999999999997,"STA7\n100.06"
cluster,start,0,7,-1,0,0,0,0,9.9000000000000004,6.8999999999999995,-4.9500000000000002,-3.4499999999999997,4.9500000000000002,3.4499999999999997,"STA8\n100.07"
cluster,start,0,8,-1,0,0,0,0,9.9000000000000004,6.8999999999999995,-4.9500000000000002,-3.4499999999999997,4.9500000000000002,3.4499999999999997,"STA9\n100.08"
cluster,start,0,9,-1,0,0,0,0,9.9000000000000004,6.8999999999999995,-4.9500000000000002,-3.4499999999999997,4.9500000000000002,3.4499999999999997,"STA10\n100.09"
cluster,iter,1000,0,0,0,0,-98.127262661640714,13.799999999999999,9.9000000000000004,6.8999999999999995,-103.07726266164072,10.35,-93.177262661640711,17.25,"STA1\n100.00"
cluster,iter,1000,1,0,0,0,-92.371521913923559,13.799999999999999,9.9000000000000004,6.8999999999999995,-97.321521913923561,10.35,-87.421521913923556,17.25,"STA2\n100.01"
cluster,iter,1000,2,0,0,0,40.569131517934558,-13.799999999999999,9.9000000000000004,6.8999999999999995,35.619131517934555,-17.25,45.519131517934561,-10.35,"STA3\n100.02"
cluster,iter,1000,3,0,0,0,-102.56956399213456,-13.799999999999999,9.9000000000000004,6.8999999999999995,-107.51956399213456,-17.25,-97.619563992134559,-10.35,"STA4\n100.03"
cluster,iter,1000,4,0,0,0,-153.29061551992507,3.2725512274100268,9.9000000000000004,6.8999999999999995,-158.24061551992506,-0.17744877258997294,-148.34061551992508,6.7225512274100261,"STA5\n100.04"
cluster,iter,1000,5,0,0,0,21.40361097337707,-0.43097995696644809,9.9000000000000004,6.8999999999999995,16.453610973377071,-3.8809799569664478,26.353610973377069,3.0190200430335516,"STA6\n100.05"
cluster,iter,1000,6,0,0,0,-39.497767771100719,10.861853101755056,9.9000000000000004,6.8999999999999995,-44.447767771100722,7.4118531017550566,-34.547767771100716,14.311853101755055,"STA7\n100.06"
cluster,iter,1000,7,0,0,0,72.848639358748898,12.735117215887648,9.9000000000000004,6.8999999999999995,67.898639358748895,9.2851172158876487,77.7986393587489,16.185117215887647,"STA8\n100.07"
cluster,iter,1000,8,0,0,0,-76.121929380150547,7.6645154677948675,9.9000000000000004,6.8999999999999995,-81.07192938015055,4.2145154677948682,-71.171929380150544,11.114515467794867,"STA9\n100.08"
cluster,iter,1000,9,0,0,0,-99.808308760021248,2.6893041474634667,9.9000000000000004,6.8999999999999995,-104.75830876002125,-0.76069585253653305,-94.858308760021245,6.1393041474634664,"STA10\n100.09"
cluster,iter,2000,0,0,0,0,74.707771409424197,-7.9895862299861173,9.9000000000000004,6.8999999999999995,69.757771409424194,-11.439586229986118,79.6577714094242,-4.5395862299861172,"STA1\n100.00"
cluster,iter,2000,1,0,0,0,-109.17448814582309,-13.799999999999999,9.9000000000000004,6.8999999999999995,-114.12448814582309,-17.25,-104.22448814582309,-10.35,"STA2\n100.01"
cluster,iter,2000,2,0,0,0,-29.958772760987838,0.60474704368870746,9.9000000000000004,6.8999999999999995,-34.908772760987837,-2.8452529563112923,-25.008772760987839,4.0547470436887068,"STA3\n100.02"
cluster,iter,2000,3,0,0,0,-77.24240577237498,-2.2994487480827877,9.9000000000000004,6.8999999999999995,-82.192405772374983,-5.7494487480827878,-72.292405772374977,1.1505512519172121,"STA4\n100.03"
cluster,iter,2000,4,0,0,0,-145.9094732302953,-2.0591656701655396,9.9000000000000004,6.8999999999999995,-150.85947323029529,-5.5091656701655394,-140.95947323029532,1.3908343298344601,"STA5\n100.04"
cluster,iter,2000,5,0,0,0,13.619666926445355,5.6560130302457292,9.9000000000000004,6.8999999999999995,8.6696669264453554,2.2060130302457295,18.569666926445354,9.1060130302457285,"STA6\n100.05"
cluster,iter,2000,6,0,0,0,-65.675101543916057,-10.88625571137611,9.9000000000000004,6.8999999999999995,-70.62510154391606,-14.33625571137611,-60.725101543916054,-7.436255711376111,"STA7\n100.06"
cluster,iter,2000,7,0,0,0,115.91186594544178,-13.799999999999999,9.9000000000000004,6.8999999999999995,110.96186594544177,-17.25,120.86186594544178,-10.35,"STA8\n100.07"
cluster,iter,2000,8,0,0,0,25.993183248800776,12.675137836617004,9.9000000000000004,6.8999999999999995,21.043183248800776,9.2251378366170051,30.943183248800775,16.125137836617004,"STA9\n100.08"
cluster,iter,2000,9,0,0,0,-65.556145752642578,-7.9446714617215921,9.9000000000000004,6.8999999999999995,-70.506145752642581,-11.394671461721591,-60.606145752642576,-4.4946714617215928,"STA10\n100.09"
cluster,iter,3000,0,0,0,0,-123.52232678151231,7.3032860695724082,9.9000000000000004,6.8999999999999995,-128.47232678151229,3.8532860695724085,-118.5723267815123,10.753286069572408,"STA1\n100.00"
cluster,iter,3000,1,0,0,0,72.096133550007849,9.1367679303353704,9.9000000000000004,6.8999999999999995,67.146133550007846,5.6867679303353711,77.046133550007852,12.58676793033537,"STA2\n100.01"
cluster,iter,3000,2,0,0,0,151.20231825796913,-13.799999999999999,9.9000000000000004,6.8999999999999995,146.25231825796914,-17.25,156.15231825796911,-10.35,"STA3\n100.02"
cluster,iter,3000,3,0,0,0,41.903957475584257,-12.61206471845594,9.9000000000000004,6.8999999999999995,36.953957475584254,-16.06206471845594,46.853957475584259,-9.1620647184559409,"STA4\n100.03"
cluster,iter,3000,4,0,0,0,-73.42363395391385,-6.4319362854616919,9.9000000000000004,6.8999999999999995,-78.373633953913853,-9.8819362854616912,-68.473633953913847,-2.9819362854616922,"STA5\n100.04"
cluster,iter,3000,5,0,0,0,102.89281448950075,-4.0014069972317188,9.9000000000000004,6.8999999999999995,97.942814489500748,-7.4514069972317181,107.84281448950075,-0.55140699723171904,"STA6\n100.05"
cluster,iter,3000,6,0,0,0,-47.152643590182329,-13.478624004525233,9.9000000000000004,6.8999999999999995,-52.102643590182332,-16.928624004525233,-42.202643590182326,-10.028624004525234,"STA7\n100.06"
cluster,iter,3000,7,0,0,0,-94.951729271959422,6.0224115044010054,9.9000000000000004,6.8999999999999995,-99.901729271959425,2.5724115044010056,-90.00172927195942,9.4724115044010055,"STA8\n100.07"
cluster,iter,3000,8,0,0,0,-160.87305068511137,4.5737804992733402,9.9000000000000004,6.8999999999999995,-165.82305068511135,1.1237804992733404,-155.92305068511138,8.0237804992733395,"STA9\n100.08"
cluster,iter,3000,9,0,0,0,-111.49797995588341,-7.9501480773392892,9.9000000000000004,6.8999999999999995,-116.44797995588341,-11.400148077339288,-106.54797995588341,-4.5001480773392899,"STA10\n100.09"
cluster,iter,4000,0,0,0,0,145.20805580037549,7.1697560319827662,9.9000000000000004,6.8999999999999995,140.2580558003755,3.7197560319827665,150.15805580037548,10.619756031982766,"STA1\n100.00"
cluster,iter,4000,1,0,0,0,93.774130866282704,0.21973042215064933,9.9000000000000004,6.8999999999999995,88.824130866282701,-3.2302695778493504,98.724130866282707,3.669730422150649,"STA2\n100.01"
cluster,iter,4000,2,0,0,0,-75.342189995028235,-13.799999999999999,9.9000000000000004,6.8999999999999995,-80.292189995028238,-17.25,-70.392189995028232,-10.35,"STA3\n100.02"
cluster,iter,4000,3,0,0,0,-138.13882872338618,-13.799999999999999,9.9000000000000004,6.8999999999999995,-143.08882872338617,-17.25,-133.18882872338619,-10.35,"STA4\n100.03"
cluster,iter,4000,4,0,0,0,69.220196820940345,-2.3052061919884963,9.9000000000000004,6.8999999999999995,64.270196820940342,-5.7552061919884956,74.170196820940347,1.1447938080115034,"STA5\n100.04"
cluster,iter,4000,5,0,0,0,-121.82696802212236,-11.63277648278072,9.9000000000000004,6.8999999999999995,-126.77696802212236,-15.082776482780719,-116.87696802212236,-8.1827764827807208,"STA6\n100.05"
cluster,iter,4000,6,0,0,0,-87.18348771861524,8.9232242081107316,9.9000000000000004,6.8999999999999995,-92.133487718615243,5.4732242081107323,-82.233487718615237,12.373224208110731,"STA7\n100.06"
cluster,iter,4000,7,0,0,0,-124.93141789266038,1.6462780856956547,9.9000000000000004,6.8999999999999995,-129.88141789266038,-1.803721914304345,-119.98141789266037,5.0962780856956549,"STA8\n100.07"
cluster,iter,4000,8,0,0,0,-46.626948282375274,-7.9024775468503012,9.9000000000000004,6.8999999999999995,-51.576948282375277,-11.352477546850301,-41.676948282375271,-4.4524775468503019,"STA9\n100.08"
cluster,iter,4000,9,0,0,0,40.028252642036755,-3.032425847419316,9.9000000000000004,6.8999999999999995,35.078252642036752,-6.4824258474193162,44.978252642036757,0.41757415258068376,"STA10\n100.09"
cluster,iter,5000,0,0,0,0,-73.594355021813541,2.4457531430044526,9.9000000000000004,6.8999999999999995,-78.544355021813544,-1.0042468569955472,-68.644355021813539,5.8957531430044519,"STA1\n100.00"
cluster,iter,5000,1,0,0,0,141.38609507400886,8.5430542070704139,9.9000000000000004,6.8999999999999995,136.43609507400888,5.0930542070704146,146.33609507400885,11.993054207070413,"STA2\n100.01"
cluster,iter,5000,2,0,0,0,47.230694839332216,-13.799999999999999,9.9000000000000004,6.8999999999999995,42.280694839332213,-17.25,52.180694839332219,-10.35,"STA3\n100.02"
cluster,iter,5000,3,0,0,0,-100.19453953203445,-12.76745871870019,9.9000000000000004,6.8999999999999995,-105.14453953203446,-16.21745871870019,-95.244539532034452,-9.3174587187001912,"STA4\n100.03"
cluster,iter,5000,4,0,0,0,97.877180952158156,3.4420249615081895,9.9000000000000004,6.8999999999999995,92.927180952158153,-0.007975038491810249,102.82718095215816,6.8920249615081897,"STA5\n100.04"
cluster,iter,5000,5,0,0,0,28.194362430387365,0.41827465981304812,9.9000000000000004,6.8999999999999995,23.244362430387365,-3.0317253401869517,33.144362430387368,3.8682746598130477,"STA6\n100.05"
cluster,iter,5000,6,0,0,0,-44.141888582559439,9.633751797910957,9.9000000000000004,6.8999999999999995,-49.091888582559442,6.1837517979109577,-39.191888582559436,13.083751797910956,"STA7\n100.06"
cluster,iter,5000,7,0,0,0,-122.4401608074526,-13.799999999999999,9.9000000000000004,6.8999999999999995,-127.3901608074526,-17.25,-117.4901608074526,-10.35,"STA8\n100.07"
cluster,iter,5000,8,0,0,0,-112.41627367987157,-6.2761589086876439,9.9000000000000004,6.8999999999999995,-117.36627367987157,-9.7261589086876441,-107.46627367987156,-2.8261589086876442,"STA9\n100.08"
cluster,iter,5000,9,0,0,0,-142.27874235763076,-11.61968624685375,9.9000000000000004,6.8999999999999995,-147.22874235763075,-15.069686246853749,-137.32874235763077,-8.1696862468537503,"STA10\n100.09"
cluster,iter,6000,0,0,0,0,21.534919092695215,2.3645369279728747,9.9000000000000004,6.8999999999999995,16.584919092695216,-1.085463072027125,26.484919092695215,5.814536927972874,"STA1\n100.00"
cluster,iter,6000,1,0,0,0,-48.758700989463257,13.17130399452083,9.9000000000000004,6.8999999999999995,-53.70870098946326,9.7213039945208308,-43.808700989463254,16.621303994520829,"STA2\n100.01"
cluster,iter,6000,2,0,0,0,61.435095856908951,-2.5114412854572223,9.9000000000000004,6.8999999999999995,56.485095856908949,-5.9614412854572221,66.385095856908947,0.93855871454277739,"STA3\n100.02"
cluster,iter,6000,3,0,0,0,-118.7881400385612,-1.383825199572903,9.9000000000000004,6.8999999999999995,-123.7381400385612,-4.8338251995729031,-113.83814003856119,2.0661748004270968,"STA4\n100.03"
cluster,iter,6000,4,0,0,0,-140.98002498959707,-10.433033879372656,9.9000000000000004,6.8999999999999995,-145.93002498959706,-13.883033879372656,-136.03002498959708,-6.9830338793726572,"STA5\n100.04"
cluster,iter,6000,5,0,0,0,141.29969141488073,6.8366614404498653,9.9000000000000004,6.8999999999999995,136.34969141488074,3.3866614404498656,146.24969141488072,10.286661440449866,"STA6\n100.05"
cluster,iter,6000,6,0,0,0,-97.83339749785317,-12.473266807278444,9.9000000000000004,6.8999999999999995,-102.78339749785317,-15.923266807278443,-92.883397497853167,-9.0232668072784445,"STA7\n100.06"
cluster,iter,6000,7,0,0,0,-60.852713407136328,3.2018360492122468,9.9000000000000004,6.8999999999999995,-65.802713407136324,-0.24816395078775288,-55.902713407136325,6.6518360492122461,"STA8\n100.07"
cluster,iter,6000,8,0,0,0,-117.79442861131074,-13.799999999999999,9.9000000000000004,6.8999999999999995,-122.74442861131074,-17.25,-112.84442861131073,-10.35,"STA9\n100.08"
cluster,iter,6000,9,0,0,0,112.85828144524773,2.7466245792418715,9.9000000000000004,6.8999999999999995,107.90828144524772,-0.7033754207581282,117.80828144524773,6.1966245792418713,"STA10\n100.09"
cluster,iter,7000,0,0,0,0,109.33292534976108,-7.9346802224612683,9.9000000000000004,6.8999999999999995,104.38292534976108,-11.384680222461268,114.28292534976109,-4.4846802224612681,"STA1\n100.00"
cluster,iter,7000,1,0,0,0,-90.580429791614904,-3.2587654636941439,9.9000000000000004,6.8999999999999995,-95.530429791614907,-6.7087654636941441,-85.630429791614901,0.19123453630585585,"STA2\n100.01"
cluster,iter,7000,2,0,0,0,-61.497530097155817,2.7253670735396169,9.9000000000000004,6.8999999999999995,-66.44753009715582,-0.7246329264603828,-56.547530097155814,6.1753670735396167,"STA3\n100.02"
cluster,iter,7000,3,0,0,0,137.37083388293519,13.799999999999999,9.9000000000000004,6.8999999999999995,132.4208338829352,10.35,142.32083388293518,17.25,"STA4\n100.03"
cluster,iter,7000,4,0,0,0,-126.09205988811028,-8.5732949746386495,9.9000000000000004,6.8999999999999995,-131.04205988811029,-12.023294974638649,-121.14205988811028,-5.1232949746386502,"STA5\n100.04"
cluster,iter,7000,5,0,0,0,-141.97412858127382,-6.6956665875938111,9.9000000000000004,6.8999999999999995,-146.92412858127381,-10.14566658759381,-137.02412858127383,-3.2456665875938113,"STA6\n100.05"
cluster,iter,7000,6,0,0,0,-48.768216188513406,13.051101780580638,9.9000000000000004,6.8999999999999995,-53.718216188513409,9.6011017805806382,-43.818216188513404,16.501101780580637,"STA7\n100.06"
cluster,iter,7000,7,0,0,0,-110.78855573804466,-3.2151400597063948,9.9000000000000004,6.8999999999999995,-115.73855573804467,-6.6651400597063946,-105.83855573804466,0.23485994029360491,"STA8\n100.07"
cluster,iter,7000,8,0,0,0,60.588518011413839,6.8033166230153359,9.9000000000000004,6.8999999999999995,55.638518011413836,3.3533166230153362,65.538518011413842,10.253316623015335,"STA9\n100.08"
cluster,iter,7000,9,0,0,0,19.364713238195943,7.4023847941618683,9.9000000000000004,6.8999999999999995,14.414713238195944,3.9523847941618686,24.314713238195942,10.852384794161868,"STA10\n100.09"
cluster,iter,8000,0,0,0,0,-122.36485533962214,-9.3290817193027706,9.9000000000000004,6.8999999999999995,-127.31485533962214,-12.77908171930277,-117.41485533962214,-5.8790817193027713,"STA1\n100.00"
cluster,iter,8000,1,0,0,0,-89.678690369998208,-5.245762943663431,9.9000000000000004,6.8999999999999995,-94.62869036999821,-8.6957629436634303,-84.728690369998205,-1.7957629436634313,"STA2\n100.01"
cluster,iter,8000,2,0,0,0,139.32614404168427,12.964935980452934,9.9000000000000004,6.8999999999999995,134.37614404168428,9.5149359804529343,144.27614404168426,16.414935980452935,"STA3\n100.02"
cluster,iter,8000,3,0,0,0,107.62785679797051,-8.9400218999028152,9.9000000000000004,6.8999999999999995,102.67785679797051,-12.390021899902814,112.57785679797051,-5.4900218999028159,"STA4\n100.03"
cluster,iter,8000,4,0,0,0,-112.16360787331226,-3.0764256404472956,9.9000000000000004,6.8999999999999995,-117.11360787331226,-6.5264256404472949,-107.21360787331226,0.37357435955270413,"STA5\n100.04"
cluster,iter,8000,5,0,0,0,-142.52316833453773,-4.4348171961126521,9.9000000000000004,6.8999999999999995,-147.47316833453772,-7.8848171961126514,-137.57316833453774,-0.98481719611265239,"STA6\n100.05"
cluster,iter,8000,6,0,0,0,13.311055004323304,5.3868850429303379,9.9000000000000004,6.8999999999999995,8.3610550043233047,1.9368850429303381,18.261055004323303,8.8368850429303372,"STA7\n100.06"
cluster,iter,8000,7,0,0,0,63.37643713607693,11.689164286867387,9.9000000000000004,6.8999999999999995,58.426437136076927,8.2391642868673873,68.326437136076933,15.139164286867386,"STA8\n100.07"
cluster,iter,8000,8,0,0,0,-53.911154961407803,11.736821322808021,9.9000000000000004,6.8999999999999995,-58.861154961407806,8.2868213228080219,-48.9611549614078,15.18682132280802,"STA9\n100.08"
cluster,iter,8000,9,0,0,0,-64.92354637041278,3.9652680860380483,9.9000000000000004,6.8999999999999995,-69.873546370412782,0.51526808603804852,-59.973546370412777,7.415268086038048,"STA10\n100.09"
cluster,iter,9000,0,0,0,0,-110.07611630812001,1.815774611184628,9.9000000000000004,6.8999999999999995,-115.02611630812001,-1.6342253888153717,-105.12611630812,5.2657746111846278,"STA1\n100.00"
cluster,iter,9000,1,0,0,0,-91.701572722302444,-6.17597080208931,9.9000000000000004,6.8999999999999995,-96.651572722302447,-9.6259708020893093,-86.751572722302441,-2.7259708020893103,"STA2\n100.01"
cluster,iter,9000,2,0,0,0,-142.90282629476505,-4.3568519021020302,9.9000000000000004,6.8999999999999995,-147.85282629476504,-7.8068519021020304,-137.95282629476506,-0.90685190210203048,"STA3\n100.02"
cluster,iter,9000,3,0,0,0,62.407165347101554,10.574378457220652,9.9000000000000004,6.8999999999999995,57.457165347101551,7.1243784572206525,67.357165347101557,14.024378457220651,"STA4\n100.03"
cluster,iter,9000,4,0,0,0,-123.88277690085219,-7.7138811330991919,9.9000000000000004,6.8999999999999995,-128.8327769008522,-11.163881133099192,-118.93277690085219,-4.2638811330991917,"STA5\n100.04"
cluster,iter,9000,5,0,0,0,142.34941472835945,12.163984936392261,9.9000000000000004,6.8999999999999995,137.39941472835946,8.7139849363922615,147.29941472835944,15.61398493639226,"STA6\n100.05"
cluster,iter,9000,6,0,0,0,103.98517354355177,-10.00287927033219,9.9000000000000004,6.8999999999999995,99.035173543551764,-13.45287927033219,108.93517354355177,-6.5528792703321912,"STA7\n100.06"
cluster,iter,9000,7,0,0,0,-63.85071778368971,5.3981842872032413,9.9000000000000004,6.8999999999999995,-68.800717783689706,1.9481842872032415,-58.900717783689707,8.8481842872032406,"STA8\n100.07"
cluster,iter,9000,8,0,0,0,16.31994893740616,5.7221964470004663,9.9000000000000004,6.8999999999999995,11.369948937406161,2.2721964470004665,21.269948937406159,9.1721964470004664,"STA9\n100.08"
cluster,iter,9000,9,0,0,0,-53.337335224887738,13.176682108800755,9.9000000000000004,6.8999999999999995,-58.287335224887741,9.7266821088007553,-48.387335224887735,16.626682108800754,"STA10\n100.09"
cluster,iter,10000,0,0,0,0,-53.854545552815715,12.844312356090869,9.9000000000000004,6.8999999999999995,-58.804545552815718,9.3943123560908699,-48.904545552815712,16.29431235609087,"STA1\n100.00"
cluster,iter,10000,1,0,0,0,15.978846834465276,5.8762864934609924,9.9000000000000004,6.8999999999999995,11.028846834465277,2.4262864934609927,20.928846834465276,9.3262864934609926,"STA2\n100.01"
cluster,iter,10000,2,0,0,0,142.54830466891895,11.691153205787773,9.9000000000000004,6.8999999999999995,137.59830466891896,8.2411532057877732,147.49830466891893,15.141153205787772,"STA3\n100.02"
cluster,iter,10000,3,0,0,0,60.645543713371609,11.222779086328044,9.9000000000000004,6.8999999999999995,55.695543713371606,7.772779086328045,65.595543713371612,14.672779086328044,"STA4\n100.03"
cluster,iter,10000,4,0,0,0,-66.052052898056118,7.0412065057727808,9.9000000000000004,6.8999999999999995,-71.002052898056121,3.5912065057727811,-61.102052898056115,10.49120650577278,"STA5\n100.04"
cluster,iter,10000,5,0,0,0,-142.21844961828506,-4.6572748191202873,9.9000000000000004,6.8999999999999995,-147.16844961828505,-8.1072748191202866,-137.26844961828508,-1.2072748191202876,"STA6\n100.05"
cluster,iter,10000,6,0,0,0,-122.73529249192553,-7.9233696195783354,9.9000000000000004,6.8999999999999995,-127.68529249192554,-11.373369619578336,-117.78529249192553,-4.4733696195783352,"STA7\n100.06"
cluster,iter,10000,7,0,0,0,-110.35025033746415,1.4555088576403774,9.9000000000000004,6.8999999999999995,-115.30025033746415,-1.9944911423596223,-105.40025033746414,4.9055088576403776,"STA8\n100.07"
cluster,iter,10000,8,0,0,0,103.59669538031616,-11.132488328810545,9.9000000000000004,6.8999999999999995,98.64669538031616,-14.582488328810545,108.54669538031617,-7.6824883288105461,"STA9\n100.08"
cluster,iter,10000,9,0,0,0,-92.316126809700847,-5.8975287185898102,9.9000000000000004,6.8999999999999995,-97.26612680970085,-9.3475287185898104,-87.366126809700845,-2.4475287185898105,"STA10\n100.09"
cluster,iter,11000,0,0,0,0,103.26112941919521,-11.938278072300236,9.9000000000000004,6.8999999999999995,98.311129419195211,-15.388278072300235,108.21112941919522,-8.4882780723002362,"STA1\n100.00"
cluster,iter,11000,1,0,0,0,61.071497381361667,11.005560788128475,9.9000000000000004,6.8999999999999995,56.121497381361664,7.5555607881284761,66.021497381361669,14.455560788128475,"STA2\n100.01"
cluster,iter,11000,2,0,0,0,142.67868357506151,12.297454451633913,9.9000000000000004,6.8999999999999995,137.72868357506152,8.8474544516339133,147.6286835750615,15.747454451633912,"STA3\n100.02"
cluster,iter,11000,3,0,0,0,15.832571691213259,6.2282170360913076,9.9000000000000004,6.8999999999999995,10.882571691213258,2.7782170360913079,20.78257169121326,9.6782170360913078,"STA4\n100.03"
cluster,iter,11000,4,0,0,0,-122.42111154997443,-7.214570860350185,9.9000000000000004,6.8999999999999995,-127.37111154997443,-10.664570860350185,-117.47111154997442,-3.7645708603501853,"STA5\n100.04"
cluster,iter,11000,5,0,0,0,-143.17904561393752,-4.1241416189035567,9.9000000000000004,6.8999999999999995,-148.12904561393751,-7.5741416189035569,-138.22904561393753,-0.67414161890355695,"STA6\n100.05"
cluster,iter,11000,6,0,0,0,-110.39486564902278,1.1723538697331704,9.9000000000000004,6.8999999999999995,-115.34486564902278,-2.2776461302668292,-105.44486564902277,4.6223538697331703,"STA7\n100.06"
cluster,iter,11000,7,0,0,0,-54.66108783903676,12.575007310530674,9.9000000000000004,6.8999999999999995,-59.611087839036763,9.125007310530675,-49.711087839036757,16.025007310530675,"STA8\n100.07"
cluster,iter,11000,8,0,0,0,-91.824296079562899,-5.9281943246969959,9.9000000000000004,6.8999999999999995,-96.774296079562902,-9.3781943246969952,-86.874296079562896,-2.4781943246969962,"STA9\n100.08"
cluster,iter,11000,9,0,0,0,-65.237713129384275,7.14530044997516,9.9000000000000004,6.8999999999999995,-70.187713129384278,3.6953004499751603,-60.287713129384272,10.595300449975159,"STA10\n100.09"
cluster,iter,12000,0,0,0,0,-91.851927516015024,-6.1562557833191125,9.9000000000000004,6.8999999999999995,-96.801927516015027,-9.6062557833191118,-86.901927516015022,-2.7062557833191128,"STA1\n100.00"
cluster,iter,12000,1,0,0,0,-65.393569943489823,7.2665473663975195,9.9000000000000004,6.8999999999999995,-70.343569943489825,3.8165473663975198,-60.44356994348982,10.716547366397519,"STA2\n100.01"
cluster,iter,12000,2,0,0,0,60.576719641576339,11.068242948196858,9.9000000000000004,6.8999999999999995,55.626719641576337,7.6182429481968583,65.526719641576335,14.518242948196857,"STA3\n100.02"
cluster,iter,12000,3,0,0,0,16.272742425610733,6.1603788851967947,9.9000000000000004,6.8999999999999995,11.322742425610734,2.7103788851967949,21.222742425610733,9.6103788851967948,"STA4\n100.03"
cluster,iter,12000,4,0,0,0,-143.23328993886875,-4.2204762449016888,9.9000000000000004,6.8999999999999995,-148.18328993886874,-7.670476244901689,-138.28328993886876,-0.77047624490168909,"STA5\n100.04"
cluster,iter,12000,5,0,0,0,102.60481268594924,-12.176870324031196,9.9000000000000004,6.8999999999999995,97.654812685949238,-15.626870324031195,107.55481268594924,-8.7268703240311964,"STA6\n100.05"
cluster,iter,12000,6,0,0,0,-54.30754776429108,12.250768012287724,9.9000000000000004,6.8999999999999995,-59.257547764291083,8.8007680122877243,-49.357547764291077,15.700768012287723,"STA7\n100.06"
cluster,iter,12000,7,0,0,0,-110.31443171156823,1.4681437275314384,9.9000000000000004,6.8999999999999995,-115.26443171156824,-1.9818562724685613,-105.36443171156823,4.9181437275314384,"STA8\n100.07"
cluster,iter,12000,8,0,0,0,142.51172154142549,12.173437822384129,9.9000000000000004,6.8999999999999995,137.5617215414255,8.7234378223841293,147.46172154142548,15.623437822384128,"STA9\n100.08"
cluster,iter,12000,9,0,0,0,-122.55181486641503,-7.8949979653704379,9.9000000000000004,6.8999999999999995,-127.50181486641503,-11.344997965370437,-117.60181486641503,-4.4449979653704386,"STA10\n100.09"
cluster,iter,13000,0,0,0,0,-122.40788547828876,-8.0778147553674877,9.9000000000000004,6.8999999999999995,-127.35788547828876,-11.527814755367487,-117.45788547828876,-4.6278147553674884,"STA1\n100.00"
cluster,iter,13000,1,0,0,0,-65.064901873205272,7.5106371853667699,9.9000000000000004,6.8999999999999995,-70.014901873205275,4.0606371853667707,-60.11490187320527,10.960637185366769,"STA2\n100.01"
cluster,iter,13000,2,0,0,0,-54.533857658638802,12.371228644730566,9.9000000000000004,6.8999999999999995,-59.483857658638804,8.9212286447305669,-49.583857658638799,15.821228644730565,"STA3\n100.02"
cluster,iter,13000,3,0,0,0,-91.88314568621152,-5.9646523344649234,9.9000000000000004,6.8999999999999995,-96.833145686211523,-9.4146523344649236,-86.933145686211517,-2.5146523344649236,"STA4\n100.03"
cluster,iter,13000,4,0,0,0,-143.59635023718829,-4.9244837509112767,9.9000000000000004,6.8999999999999995,-148.54635023718828,-8.3744837509112759,-138.6463502371883,-1.4744837509112769,"STA5\n100.04"
cluster,iter,13000,5,0,0,0,-110.5607088735773,1.5228302834745635,9.9000000000000004,6.8999999999999995,-115.5107088735773,-1.9271697165254362,-105.61070887357729,4.972830283474563,"STA6\n100.05"
cluster,iter,13000,6,0,0,0,102.42944433021583,-12.017136765961208,9.9000000000000004,6.8999999999999995,97.479444330215827,-15.467136765961207,107.37944433021583,-8.5671367659612088,"STA7\n100.06"
cluster,iter,13000,7,0,0,0,142.38959126093999,11.975724363068522,9.9000000000000004,6.8999999999999995,137.43959126094001,8.5257243630685231,147.33959126093998,15.425724363068522,"STA8\n100.07"
cluster,iter,13000,8,0,0,0,16.419236499704972,5.978292831900978,9.9000000000000004,6.8999999999999995,11.469236499704973,2.5282928319009783,21.369236499704972,9.4282928319009773,"STA9\n100.08"
cluster,iter,13000,9,0,0,0,60.476656994566511,10.82341375234285,9.9000000000000004,6.8999999999999995,55.526656994566508,7.3734137523428505,65.426656994566514,14.273413752342849,"STA10\n100.09"
cluster,iter,14000,0,0,0,0,-110.57202464273229,1.6741713801025164,9.9000000000000004,6.8999999999999995,-115.52202464273229,-1.7758286198974833,-105.62202464273228,5.1241713801025162,"STA1\n100.00"
cluster,iter,14000,1,0,0,0,-143.4345884532016,-5.0016938007948371,9.9000000000000004,6.8999999999999995,-148.38458845320159,-8.4516938007948372,-138.48458845320161,-1.5516938007948373,"STA2\n100.01"
cluster,iter,14000,2,0,0,0,-122.25926643624442,-8.3183110588548459,9.9000000000000004,6.8999999999999995,-127.20926643624442,-11.768311058854845,-117.30926643624441,-4.8683110588548466,"STA3\n100.02"
cluster,iter,14000,3,0,0,0,-64.963661435629575,7.5348360803518242,9.9000000000000004,6.8999999999999995,-69.913661435629578,4.084836080351824,-60.013661435629572,10.984836080351824,"STA4\n100.03"
cluster,iter,14000,4,0,0,0,-91.717115662822621,-5.9165022928654443,9.9000000000000004,6.8999999999999995,-96.667115662822624,-9.3665022928654444,-86.767115662822619,-2.4665022928654445,"STA5\n100.04"
cluster,iter,14000,5,0,0,0,102.44322968053858,-11.786312260199677,9.9000000000000004,6.8999999999999995,97.493229680538576,-15.236312260199677,107.39322968053858,-8.3363122601996782,"STA6\n100.05"
cluster,iter,14000,6,0,0,0,-54.319925085141428,12.197171880021994,9.9000000000000004,6.8999999999999995,-59.269925085141431,8.7471718800219946,-49.369925085141425,15.647171880021993,"STA7\n100.06"
cluster,iter,14000,7,0,0,0,142.34062166546656,11.983677402560183,9.9000000000000004,6.8999999999999995,137.39062166546657,8.5336774025601834,147.29062166546655,15.433677402560182,"STA8\n100.07"
cluster,iter,14000,8,0,0,0,60.180722555320514,10.903254269147757,9.9000000000000004,6.8999999999999995,55.230722555320511,7.4532542691477577,65.130722555320517,14.353254269147756,"STA9\n100.08"
cluster,iter,14000,9,0,0,0,16.327963542727147,5.8750499569041938,9.9000000000000004,6.8999999999999995,11.377963542727148,2.4250499569041941,21.277963542727147,9.3250499569041931,"STA10\n100.09"
cluster,iter,15000,0,0,0,0,-122.19465412539726,-8.3955487506910931,9.9000000000000004,6.8999999999999995,-127.14465412539727,-11.845548750691092,-117.24465412539726,-4.9455487506910938,"STA1\n100.00"
cluster,iter,15000,1,0,0,0,60.24618034786841,10.892979921735769,9.9000000000000004,6.8999999999999995,55.296180347868408,7.4429799217357697,65.196180347868406,14.342979921735768,"STA2\n100.01"
cluster,iter,15000,2,0,0,0,142.44156104187499,12.091518540579674,9.9000000000000004,6.8999999999999995,137.491561041875,8.6415185405796748,147.39156104187498,15.541518540579673,"STA3\n100.02"
cluster,iter,15000,3,0,0,0,-91.790241694441022,-6.1794122984760733,9.9000000000000004,6.8999999999999995,-96.740241694441025,-9.6294122984760726,-86.840241694441019,-2.7294122984760736,"STA4\n100.03"
cluster,iter,15000,4,0,0,0,-65.014443972960692,7.6245838662020029,9.9000000000000004,6.8999999999999995,-69.964443972960694,4.1745838662020027,-60.064443972960689,11.074583866202003,"STA5\n100.04"
cluster,iter,15000,5,0,0,0,-110.70857725458804,1.4519257298848551,9.9000000000000004,6.8999999999999995,-115.65857725458804,-1.9980742701151446,-105.75857725458803,4.9019257298848551,"STA6\n100.05"
cluster,iter,15000,6,0,0,0,102.44525771882111,-11.618743255291481,9.9000000000000004,6.8999999999999995,97.495257718821108,-15.06874325529148,107.39525771882111,-8.1687432552914814,"STA7\n100.06"
cluster,iter,15000,7,0,0,0,-143.5187996052417,-5.0532989994820223,9.9000000000000004,6.8999999999999995,-148.46879960524168,-8.5032989994820216,-138.56879960524171,-1.6032989994820226,"STA8\n100.07"
cluster,iter,15000,8,0,0,0,16.333672535176468,5.9984722913758013,9.9000000000000004,6.8999999999999995,11.383672535176469,2.5484722913758016,21.283672535176468,9.4484722913758006,"STA9\n100.08"
cluster,iter,15000,9,0,0,0,-54.280978201874298,12.244669587666143,9.9000000000000004,6.8999999999999995,-59.230978201874301,8.794669587666144,-49.330978201874295,15.694669587666143,"STA10\n100.09"
cluster,iter,16000,0,0,0,0,-110.68543225743898,1.4419573514088642,9.9000000000000004,6.8999999999999995,-115.63543225743898,-2.0080426485911356,-105.73543225743897,4.8919573514088643,"STA1\n100.00"
cluster,iter,16000,1,0,0,0,142.50337343222756,12.100581979515049,9.9000000000000004,6.8999999999999995,137.55337343222757,8.6505819795150494,147.45337343222755,15.550581979515048,"STA2\n100.01"
cluster,iter,16000,2,0,0,0,-54.41174660851609,12.231938664835893,9.9000000000000004,6.8999999999999995,-59.361746608516093,8.7819386648358932,-49.461746608516087,15.681938664835892,"STA3\n100.02"
cluster,iter,16000,3,0,0,0,16.40302093468155,6.003829228042485,9.9000000000000004,6.8999999999999995,11.45302093468155,2.5538292280424852,21.353020934681549,9.4538292280424852,"STA4\n100.03"
cluster,iter,16000,4,0,0,0,-65.060518492766889,7.63789592914741,9.9000000000000004,6.8999999999999995,-70.010518492766892,4.1878959291474107,-60.110518492766886,11.087895929147409,"STA5\n100.04"
cluster,iter,16000,5,0,0,0,60.162679108118859,10.921709988702933,9.9000000000000004,6.8999999999999995,55.212679108118856,7.4717099887029335,65.112679108118854,14.371709988702932,"STA6\n100.05"
cluster,iter,16000,6,0,0,0,-122.12589663075278,-8.3790191216112362,9.9000000000000004,6.8999999999999995,-127.07589663075278,-11.829019121611235,-117.17589663075277,-4.9290191216112369,"STA7\n100.06"
cluster,iter,16000,7,0,0,0,-143.51811264433977,-4.9782388271882416,9.9000000000000004,6.8999999999999995,-148.46811264433975,-8.4282388271882418,-138.56811264433978,-1.5282388271882419,"STA8\n100.07"
cluster,iter,16000,8,0,0,0,-91.752532682828658,-6.1123591301010336,9.9000000000000004,6.8999999999999995,-96.702532682828661,-9.5623591301010329,-86.802532682828655,-2.6623591301010339,"STA9\n100.08"
cluster,iter,16000,9,0,0,0,102.34315995628376,-11.617948029751888,9.9000000000000004,6.8999999999999995,97.393159956283753,-15.067948029751888,107.29315995628376,-8.1679480297518889,"STA10\n100.09"
cluster,iter,17000,0,0,0,0,142.43244338165022,12.115798174271967,9.9000000000000004,6.8999999999999995,137.48244338165023,8.6657981742719681,147.38244338165021,15.565798174271967,"STA1\n100.00"
cluster,iter,17000,1,0,0,0,-110.70551151908977,1.3840825295402932,9.9000000000000004,6.8999999999999995,-115.65551151908977,-2.0659174704597065,-105.75551151908977,4.8340825295402929,"STA2\n100.01"
cluster,iter,17000,2,0,0,0,-143.52199770566207,-4.9838598666154619,9.9000000000000004,6.8999999999999995,-148.47199770566206,-8.4338598666154621,-138.57199770566208,-1.5338598666154621,"STA3\n100.02"
cluster,iter,17000,3,0,0,0,-91.76099591480704,-6.0853635310888174,9.9000000000000004,6.8999999999999995,-96.710995914807043,-9.5353635310888176,-86.810995914807037,-2.6353635310888177,"STA4\n100.03"
cluster,iter,17000,4,0,0,0,60.227202673029204,10.890999890129384,9.9000000000000004,6.8999999999999995,55.277202673029201,7.440999890129385,65.1772026730292,14.340999890129384,"STA5\n100.04"
cluster,iter,17000,5,0,0,0,102.34070339685866,-11.583427078583716,9.9000000000000004,6.8999999999999995,97.390703396858655,-15.033427078583715,107.29070339685866,-8.1334270785837166,"STA6\n100.05"
cluster,iter,17000,6,0,0,0,-122.11795257890054,-8.3736772449880927,9.9000000000000004,6.8999999999999995,-127.06795257890055,-11.823677244988092,-117.16795257890054,-4.9236772449880934,"STA7\n100.06"
cluster,iter,17000,7,0,0,0,-65.077136656752756,7.6185821052961034,9.9000000000000004,6.8999999999999995,-70.027136656752759,4.1685821052961032,-60.127136656752754,11.068582105296104,"STA8\n100.07"
cluster,iter,17000,8,0,0,0,-54.448464886918217,12.231873628138532,9.9000000000000004,6.8999999999999995,-59.398464886918219,8.7818736281385323,-49.498464886918214,15.681873628138531,"STA9\n100.08"
cluster,iter,17000,9,0,0,0,16.380479648479056,5.9967084766002854,9.9000000000000004,6.8999999999999995,11.430479648479057,2.5467084766002857,21.330479648479056,9.4467084766002856,"STA10\n100.09"
cluster,iter,18000,0,0,0,0,142.42687475730736,12.10254078021681,9.9000000000000004,6.8999999999999995,137.47687475730737,8.6525407802168104,147.37687475730735,15.552540780216809,"STA1\n100.00"
cluster,iter,18000,1,0,0,0,-122.12959166419758,-8.3734609321508433,9.9000000000000004,6.8999999999999995,-127.07959166419758,-11.823460932150843,-117.17959166419757,-4.923460932150844,"STA2\n100.01"
cluster,iter,18000,2,0,0,0,102.33573350069376,-11.598129568358345,9.9000000000000004,6.8999999999999995,97.38573350069376,-15.048129568358345,107.28573350069377,-8.1481295683583461,"STA3\n100.02"
cluster,iter,18000,3,0,0,0,-143.48530878723153,-4.9729732532038842,9.9000000000000004,6.8999999999999995,-148.43530878723152,-8.4229732532038835,-138.53530878723154,-1.5229732532038844,"STA4\n100.03"
cluster,iter,18000,4,0,0,0,-65.130750219917601,7.5828589081088147,9.9000000000000004,6.8999999999999995,-70.080750219917604,4.1328589081088154,-60.180750219917599,11.032858908108814,"STA5\n100.04"
cluster,iter,18000,5,0,0,0,-54.449880912009071,12.256236997775467,9.9000000000000004,6.8999999999999995,-59.399880912009074,8.8062369977754678,-49.499880912009068,15.706236997775466,"STA6\n100.05"
cluster,iter,18000,6,0,0,0,16.369783111719826,6.0354747408088931,9.9000000000000004,6.8999999999999995,11.419783111719827,2.5854747408088934,21.319783111719826,9.4854747408088933,"STA7\n100.06"
cluster,iter,18000,7,0,0,0,-110.69614286422019,1.3842254012735249,9.9000000000000004,6.8999999999999995,-115.6461428642202,-2.0657745987264748,-105.74614286422019,4.8342254012735246,"STA8\n100.07"
cluster,iter,18000,8,0,0,0,60.247609330323954,10.874410377931444,9.9000000000000004,6.8999999999999995,55.297609330323951,7.4244103779314443,65.197609330323957,14.324410377931443,"STA9\n100.08"
cluster,iter,18000,9,0,0,0,-91.749586980299028,-6.0756359965600693,9.9000000000000004,6.8999999999999995,-96.699586980299031,-9.5256359965600694,-86.799586980299026,-2.6256359965600695,"STA10\n100.09"
cluster,iter,19000,0,0,0,0,-65.147602887950868,7.589737193600298,9.9000000000000004,6.8999999999999995,-70.09760288795087,4.1397371936002987,-60.197602887950865,11.039737193600297,"STA1\n100.00"
cluster,iter,19000,1,0,0,0,-91.763916013899603,-6.0762936602386981,9.9000000000000004,6.8999999999999995,-96.713916013899606,-9.5262936602386983,-86.8139160138996,-2.6262936602386984,"STA2\n100.01"
cluster,iter,19000,2,0,0,0,102.33007486353866,-11.594502209305341,9.9000000000000004,6.8999999999999995,97.380074863538653,-15.044502209305341,107.28007486353866,-8.1445022093053421,"STA3\n100.02"
cluster,iter,19000,3,0,0,0,16.382712428539026,6.0552739554065669,9.9000000000000004,6.8999999999999995,11.432712428539027,2.6052739554065671,21.332712428539025,9.5052739554065671,"STA4\n100.03"
cluster,iter,19000,4,0,0,0,60.228453749114081,10.858503007780419,9.9000000000000004,6.8999999999999995,55.278453749114078,7.4085030077804195,65.178453749114084,14.308503007780418,"STA5\n100.04"
cluster,iter,19000,5,0,0,0,-143.49240654431432,-4.9708991636708078,9.9000000000000004,6.8999999999999995,-148.44240654431431,-8.420899163670807,-138.54240654431433,-1.520899163670808,"STA6\n100.05"
cluster,iter,19000,6,0,0,0,142.4278118335821,12.084490853482301,9.9000000000000004,6.8999999999999995,137.47781183358211,8.6344908534823013,147.37781183358209,15.5344908534823,"STA7\n100.06"
cluster,iter,19000,7,0,0,0,-110.65991699164744,1.3668325040138185,9.9000000000000004,6.8999999999999995,-115.60991699164744,-2.0831674959861815,-105.70991699164743,4.816832504013818,"STA8\n100.07"
cluster,iter,19000,8,0,0,0,-54.455367657896879,12.253549476136662,9.9000000000000004,6.8999999999999995,-59.405367657896882,8.8035494761366628,-49.505367657896876,15.703549476136661,"STA9\n100.08"
cluster,iter,19000,9,0,0,0,-122.12997623685493,-8.3782249065654621,9.9000000000000004,6.8999999999999995,-127.07997623685493,-11.828224906565461,-117.17997623685493,-4.9282249065654629,"STA10\n100.09"
cluster,iter,20000,0,0,0,0,102.32010662556634,-11.59477945015764,9.9000000000000004,6.8999999999999995,97.370106625566336,-15.044779450157639,107.27010662556634,-8.1447794501576407,"STA1\n100.00"
cluster,iter,20000,1,0,0,0,-122.12500397260909,-8.3748267327591162,9.9000000000000004,6.8999999999999995,-127.0750039726091,-11.824826732759115,-117.17500397260909,-4.9248267327591169,"STA2\n100.01"
cluster,iter,20000,2,0,0,0,-110.66436581413257,1.3614054149132309,9.9000000000000004,6.8999999999999995,-115.61436581413257,-2.0885945850867689,-105.71436581413256,4.8114054149132306,"STA3\n100.02"
cluster,iter,20000,3,0,0,0,-54.459214550391316,12.250761554186866,9.9000000000000004,6.8999999999999995,-59.409214550391319,8.8007615541868667,-49.509214550391313,15.700761554186865,"STA4\n100.03"
cluster,iter,20000,4,0,0,0,-91.76338340621507,-6.0736071769324358,9.9000000000000004,6.8999999999999995,-96.713383406215073,-9.5236071769324351,-86.813383406215067,-2.6236071769324361,"STA5\n100.04"
cluster,iter,20000,5,0,0,0,16.383325289472062,6.0516544957020564,9.9000000000000004,6.8999999999999995,11.433325289472062,2.6016544957020566,21.333325289472061,9.5016544957020557,"STA6\n100.05"
cluster,iter,20000,6,0,0,0,60.227400148486396,10.849968904037887,9.9000000000000004,6.8999999999999995,55.277400148486393,7.3999689040378875,65.177400148486399,14.299968904037886,"STA7\n100.06"
cluster,iter,20000,7,0,0,0,-65.147542570148161,7.5977402107810708,9.9000000000000004,6.8999999999999995,-70.097542570148164,4.1477402107810715,-60.197542570148158,11.04774021078107,"STA8\n100.07"
cluster,iter,20000,8,0,0,0,-143.4952057460082,-4.9683510549965355,9.9000000000000004,6.8999999999999995,-148.44520574600818,-8.4183510549965348,-138.54520574600821,-1.5183510549965358,"STA9\n100.08"
cluster,iter,20000,9,0,0,0,142.43235578139087,12.076870164439844,9.9000000000000004,6.8999999999999995,137.48235578139088,8.6268701644398451,147.38235578139086,15.526870164439844,"STA10\n100.09"
cluster,iter,21000,0,0,0,0,-91.765644708139689,-6.0729258801515211,9.9000000000000004,6.8999999999999995,-96.715644708139692,-9.5229258801515204,-86.815644708139686,-2.6229258801515214,"STA1\n100.00"
cluster,iter,21000,1,0,0,0,142.43217681900987,12.076399283784465,9.9000000000000004,6.8999999999999995,137.48217681900988,8.6263992837844654,147.38217681900986,15.526399283784464,"STA2\n100.01"
cluster,iter,21000,2,0,0,0,60.228547256304886,10.846219505475906,9.9000000000000004,6.8999999999999995,55.278547256304883,7.3962195054759068,65.178547256304881,14.296219505475905,"STA3\n100.02"
cluster,iter,21000,3,0,0,0,-143.48282690027457,-4.9730380527455615,9.9000000000000004,6.8999999999999995,-148.43282690027456,-8.4230380527455608,-138.53282690027459,-1.5230380527455618,"STA4\n100.03"
cluster,iter,21000,4,0,0,0,102.3190321653024,-11.597276460377559,9.9000000000000004,6.8999999999999995,97.3690321653024,-15.047276460377558,107.26903216530241,-8.1472764603775598,"STA5\n100.04"
cluster,iter,21000,5,0,0,0,16.37616864980318,6.0493693914775593,9.9000000000000004,6.8999999999999995,11.426168649803181,2.5993693914775595,21.326168649803179,9.4993693914775594,"STA6\n100.05"
cluster,iter,21000,6,0,0,0,-54.460696887796004,12.25166754086135,9.9000000000000004,6.8999999999999995,-59.410696887796007,8.8016675408613505,-49.510696887796001,15.701667540861349,"STA7\n100.06"
cluster,iter,21000,7,0,0,0,-122.12331044261087,-8.3648858700268427,9.9000000000000004,6.8999999999999995,-127.07331044261088,-11.814885870026842,-117.17331044261087,-4.9148858700268434,"STA8\n100.07"
cluster,iter,21000,8,0,0,0,-110.66144418452107,1.3633239229259042,9.9000000000000004,6.8999999999999995,-115.61144418452108,-2.0866760770740953,-105.71144418452107,4.8133239229259042,"STA9\n100.08"
cluster,iter,21000,9,0,0,0,-65.14544442131826,7.5950747261872316,9.9000000000000004,6.8999999999999995,-70.095444421318263,4.1450747261872323,-60.195444421318257,11.045074726187231,"STA10\n100.09"
cluster,iter,22000,0,0,0,0,102.32007332138505,-11.602299536191449,9.9000000000000004,6.8999999999999995,97.37007332138505,-15.052299536191448,107.27007332138506,-8.1522995361914496,"STA1\n100.00"
cluster,iter,22000,1,0,0,0,-65.147835122369244,7.5972491963388391,9.9000000000000004,6.8999999999999995,-70.097835122369247,4.1472491963388389,-60.197835122369241,11.047249196338839,"STA2\n100.01"
cluster,iter,22000,2,0,0,0,-143.48523666330917,-4.9717408826252054,9.9000000000000004,6.8999999999999995,-148.43523666330915,-8.4217408826252047,-138.53523666330918,-1.5217408826252057,"STA3\n100.02"
cluster,iter,22000,3,0,0,0,-54.456201589666207,12.254421383209948,9.9000000000000004,6.8999999999999995,-59.40620158966621,8.8044213832099487,-49.506201589666205,15.704421383209947,"STA4\n100.03"
cluster,iter,22000,4,0,0,0,16.371493310848578,6.0500087472797395,9.9000000000000004,6.8999999999999995,11.421493310848579,2.6000087472797397,21.321493310848577,9.5000087472797397,"STA5\n100.04"
cluster,iter,22000,5,0,0,0,60.22925202360328,10.84383677663851,9.9000000000000004,6.8999999999999995,55.279252023603277,7.3938367766385102,65.179252023603283,14.293836776638509,"STA6\n100.05"
cluster,iter,22000,6,0,0,0,-110.65757591419823,1.3582968554346138,9.9000000000000004,6.8999999999999995,-115.60757591419824,-2.0917031445653862,-105.70757591419823,4.8082968554346133,"STA7\n100.06"
cluster,iter,22000,7,0,0,0,142.43115520978373,12.0767813073429,9.9000000000000004,6.8999999999999995,137.48115520978374,8.6267813073429007,147.38115520978371,15.526781307342899,"STA8\n100.07"
cluster,iter,22000,8,0,0,0,-91.767639389902854,-6.078767655745918,9.9000000000000004,6.8999999999999995,-96.717639389902857,-9.5287676557459182,-86.817639389902851,-2.6287676557459183,"STA9\n100.08"
cluster,iter,22000,9,0,0,0,-122.12384998167524,-8.3645287186404254,9.9000000000000004,6.8999999999999995,-127.07384998167524,-11.814528718640425,-117.17384998167523,-4.9145287186404261,"STA10\n100.09"
cluster,iter,23000,0,0,0,0,-54.453884178083662,12.253918051359772,9.9000000000000004,6.8999999999999995,-59.403884178083665,8.8039180513597728,-49.503884178083659,15.703918051359771,"STA1\n100.00"
cluster,iter,23000,1,0,0,0,-110.65720828710595,1.355501800566939,9.9000000000000004,6.8999999999999995,-115.60720828710595,-2.0944981994330609,-105.70720828710594,4.8055018005669385,"STA2\n100.01"
cluster,iter,23000,2,0,0,0,16.36985893312356,6.0492782884302443,9.9000000000000004,6.8999999999999995,11.41985893312356,2.5992782884302446,21.319858933123559,9.4992782884302436,"STA3\n100.02"
cluster,iter,23000,3,0,0,0,-143.48751012614193,-4.9684360635664397,9.9000000000000004,6.8999999999999995,-148.43751012614192,-8.418436063566439,-138.53751012614194,-1.51843606356644,"STA4\n100.03"
cluster,iter,23000,4,0,0,0,-91.770489855044659,-6.0794074523088693,9.9000000000000004,6.8999999999999995,-96.720489855044661,-9.5294074523088685,-86.820489855044656,-2.6294074523088695,"STA5\n100.04"
cluster,iter,23000,5,0,0,0,102.32279757713644,-11.60170758961147,9.9000000000000004,6.8999999999999995,97.372797577136438,-15.051707589611469,107.27279757713644,-8.1517075896114708,"STA6\n100.05"
cluster,iter,23000,6,0,0,0,-65.145399215979154,7.5989512857216122,9.9000000000000004,6.8999999999999995,-70.095399215979157,4.148951285721612,-60.195399215979151,11.048951285721612,"STA7\n100.06"
cluster,iter,23000,7,0,0,0,60.227578230407055,10.841774458449361,9.9000000000000004,6.8999999999999995,55.277578230407052,7.3917744584493619,65.17757823040705,14.29177445844936,"STA8\n100.07"
cluster,iter,23000,8,0,0,0,142.43260080642128,12.0766044358306,9.9000000000000004,6.8999999999999995,137.48260080642129,8.6266044358306004,147.38260080642127,15.526604435830599,"STA9\n100.08"
cluster,iter,23000,9,0,0,0,-122.12125220002933,-8.3649931358015142,9.9000000000000004,6.8999999999999995,-127.07125220002933,-11.814993135801513,-117.17125220002933,-4.9149931358015149,"STA10\n100.09"
cluster,iter,24000,0,0,0,0,-110.65698187209513,1.3561899223562373,9.9000000000000004,6.8999999999999995,-115.60698187209513,-2.0938100776437625,-105.70698187209513,4.8061899223562374,"STA1\n100.00"
cluster,iter,24000,1,0,0,0,-65.146515634575366,7.6005583012830451,9.9000000000000004,6.8999999999999995,-70.096515634575368,4.1505583012830449,-60.196515634575363,11.050558301283045,"STA2\n100.01"
cluster,iter,24000,2,0,0,0,-54.45410264409589,12.253555834478355,9.9000000000000004,6.8999999999999995,-59.404102644095893,8.803555834478356,-49.504102644095887,15.703555834478355,"STA3\n100.02"
cluster,iter,24000,3,0,0,0,16.370051816622929,6.0483308014880892,9.9000000000000004,6.8999999999999995,11.42005181662293,2.5983308014880895,21.320051816622929,9.4983308014880894,"STA4\n100.03"
cluster,iter,24000,4,0,0,0,142.42983930052182,12.078228749315922,9.9000000000000004,6.8999999999999995,137.47983930052183,8.6282287493159231,147.37983930052181,15.528228749315922,"STA5\n100.04"
cluster,iter,24000,5,0,0,0,-122.12222801387244,-8.3650058643283867,9.9000000000000004,6.8999999999999995,-127.07222801387245,-11.815005864328386,-117.17222801387244,-4.9150058643283874,"STA6\n100.05"
cluster,iter,24000,6,0,0,0,-91.77168780647672,-6.0798926738152543,9.9000000000000004,6.8999999999999995,-96.721687806476723,-9.5298926738152545,-86.821687806476717,-2.6298926738152546,"STA7\n100.06"
cluster,iter,24000,7,0,0,0,102.32340252532276,-11.600982165007323,9.9000000000000004,6.8999999999999995,97.37340252532276,-15.050982165007323,107.27340252532277,-8.1509821650073242,"STA8\n100.07"
cluster,iter,24000,8,0,0,0,60.225807753354211,10.842471540230115,9.9000000000000004,6.8999999999999995,55.275807753354208,7.3924715402301153,65.175807753354206,14.292471540230114,"STA9\n100.08"
cluster,iter,24000,9,0,0,0,-143.4885043691217,-4.968554484372909,9.9000000000000004,6.8999999999999995,-148.43850436912169,-8.4185544843729083,-138.53850436912171,-1.5185544843729093,"STA10\n100.09"
cluster,iter,25000,0,0,0,0,-110.65582061770326,1.3558031293177168,9.9000000000000004,6.8999999999999995,-115.60582061770326,-2.0941968706822829,-105.70582061770325,4.8058031293177166,"STA1\n100.00"
cluster,iter,25000,1,0,0,0,-143.48796861726873,-4.9681936638609283,9.9000000000000004,6.8999999999999995,-148.43796861726872,-8.4181936638609276,-138.53796861726875,-1.5181936638609286,"STA2\n100.01"
cluster,iter,25000,2,0,0,0,-54.453856519941112,12.254263576685616,9.9000000000000004,6.8999999999999995,-59.403856519941115,8.8042635766856172,-49.50385651994111,15.704263576685616,"STA3\n100.02"
cluster,iter,25000,3,0,0,0,-122.12133386324611,-8.364848515057286,9.9000000000000004,6.8999999999999995,-127.07133386324611,-11.814848515057285,-117.1713338632461,-4.9148485150572867,"STA4\n100.03"
cluster,iter,25000,4,0,0,0,-65.147082604543144,7.5999348203263573,9.9000000000000004,6.8999999999999995,-70.097082604543147,4.149934820326358,-60.197082604543141,11.049934820326357,"STA5\n100.04"
cluster,iter,25000,5,0,0,0,-91.772394808109425,-6.0798296407714254,9.9000000000000004,6.8999999999999995,-96.722394808109428,-9.5298296407714247,-86.822394808109422,-2.6298296407714257,"STA6\n100.05"
cluster,iter,25000,6,0,0,0,142.43007906658914,12.078540376777324,9.9000000000000004,6.8999999999999995,137.48007906658916,8.628540376777325,147.38007906658913,15.528540376777324,"STA7\n100.06"
cluster,iter,25000,7,0,0,0,102.32375435805089,-11.600232315642192,9.9000000000000004,6.8999999999999995,97.373754358050888,-15.050232315642191,107.27375435805089,-8.1502323156421923,"STA8\n100.07"
cluster,iter,25000,8,0,0,0,16.368964163764506,6.0480241855490444,9.9000000000000004,6.8999999999999995,11.418964163764507,2.5980241855490447,21.318964163764505,9.4980241855490437,"STA9\n100.08"
cluster,iter,25000,9,0,0,0,60.225539115727557,10.841879024382962,9.9000000000000004,6.8999999999999995,55.275539115727554,7.3918790243829626,65.17553911572756,14.291879024382961,"STA10\n100.09"
cluster,end,25052,0,0,0,0,-121.65893031954602,-13.291599022433068,9.9000000000000004,6.8999999999999995,-126.60893031954602,-16.741599022433068,-116.70893031954601,-9.8415990224330692,"STA1\n100.00"
cluster,end,25052,1,0,0,0,138.09397342936251,7.2304722776677313,9.9000000000000004,6.8999999999999995,133.14397342936252,3.7804722776677315,143.0439734293625,10.680472277667731,"STA2\n100.01"
cluster,end,25052,2,0,0,0,44.130438810655498,-13.799999999999999,9.9000000000000004,6.8999999999999995,39.180438810655495,-17.25,49.080438810655501,-10.35,"STA3\n100.02"
cluster,end,25052,3,0,0,0,-72.908006223078303,3.7166035458792148,9.9000000000000004,6.8999999999999995,-77.858006223078306,0.26660354587921509,-67.9580062230783,7.1666035458792141,"STA4\n100.03"
cluster,end,25052,4,0,0,0,98.660281879947419,3.1147813554717092,9.9000000000000004,6.8999999999999995,93.710281879947416,-0.33521864452829053,103.61028187994742,6.5647813554717089,"STA5\n100.04"
cluster,end,25052,5,0,0,0,-109.91340264861401,-1.2280838493469259,9.9000000000000004,6.8999999999999995,-114.86340264861401,-4.6780838493469261,-104.96340264861401,2.2219161506530738,"STA6\n100.05"
cluster,end,25052,6,0,0,0,29.830447130875307,2.3394729355373465,9.9000000000000004,6.8999999999999995,24.880447130875307,-1.1105270644626533,34.780447130875309,5.7894729355373462,"STA7\n100.06"
cluster,end,25052,7,0,0,0,-46.010523289310434,7.644624507177034,9.9000000000000004,6.8999999999999995,-50.960523289310437,4.1946245071770338,-41.060523289310431,11.094624507177034,"STA8\n100.07"
cluster,end,25052,8,0,0,0,-96.246055361401801,-10.180683372507662,9.9000000000000004,6.8999999999999995,-101.1960553614018,-13.630683372507661,-91.296055361401798,-6.7306833725076629,"STA9\n100.08"
cluster,end,25052,9,0,0,0,-136.50432448441808,-10.397313775436768,9.9000000000000004,6.8999999999999995,-141.45432448441807,-13.847313775436767,-131.55432448441809,-6.9473137754367684,"STA10\n100.09"
